NAME,MBID,URL,IMAGE_SMALL,IMAGE
CHERRY BULLET,,https://www.last.fm/music/CHERRY+BULLET,https://lastfm.freetls.fastly.net/i/u/34s/2a96cbd8b46e442fc41c2b86b821562f.png,https://lastfm.freetls.fastly.net/i/u/174s/2a96cbd8b46e442fc41c2b86b821562f.png
Cherry Glazerr,64a0c404-58af-4083-8fc6-a6725ef02ecb,https://www.last.fm/music/Cherry+Glazerr,https://lastfm.freetls.fastly.net/i/u/34s/2a96cbd8b46e442fc41c2b86b821562f.png,https://lastfm.freetls.fastly.net/i/u/174s/2a96cbd8b46e442fc41c2b86b821562f.png
Black Stone Cherry,1801bd47-46ae-49ff-bfcd-6e01b562d880,https://www.last.fm/music/Black+Stone+Cherry,https://lastfm.freetls.fastly.net/i/u/34s/2a96cbd8b46e442fc41c2b86b821562f.png,https://lastfm.freetls.fastly.net/i/u/174s/2a96cbd8b46e442fc41c2b86b821562f.png
Eagle-Eye Cherry,4a5777b3-f55b-437c-8b23-d9ee7791c7fc,https://www.last.fm/music/Eagle-Eye+Cherry,https://lastfm.freetls.fastly.net/i/u/34s/2a96cbd8b46e442fc41c2b86b821562f.png,https://lastfm.freetls.fastly.net/i/u/174s/2a96cbd8b46e442fc41c2b86b821562f.png
Neneh Cherry,527c65d1-9fdb-4482-8796-dde2980bd63a,https://www.last.fm/music/Neneh+Cherry,https://lastfm.freetls.fastly.net/i/u/34s/2a96cbd8b46e442fc41c2b86b821562f.png,https://lastfm.freetls.fastly.net/i/u/174s/2a96cbd8b46e442fc41c2b86b821562f.png
Wild Cherry,da5ff827-174b-48d1-9a39-9fa290bb2925,https://www.last.fm/music/Wild+Cherry,https://lastfm.freetls.fastly.net/i/u/34s/2a96cbd8b46e442fc41c2b86b821562f.png,https://lastfm.freetls.fastly.net/i/u/174s/2a96cbd8b46e442fc41c2b86b821562f.png
Acid Black Cherry,a3842d12-306c-498a-ae1d-03ee40e3f2ac,https://www.last.fm/music/Acid+Black+Cherry,https://lastfm.freetls.fastly.net/i/u/34s/2a96cbd8b46e442fc41c2b86b821562f.png,https://lastfm.freetls.fastly.net/i/u/174s/2a96cbd8b46e442fc41c2b86b821562f.png
Nasty Cherry,,https://www.last.fm/music/Nasty+Cherry,https://lastfm.freetls.fastly.net/i/u/34s/2a96cbd8b46e442fc41c2b86b821562f.png,https://lastfm.freetls.fastly.net/i/u/174s/2a96cbd8b46e442fc41c2b86b821562f.png
Cherry Poppin' Daddies,e23612fb-6dd6-4d5c-b638-2611bfc8c48a,https://www.last.fm/music/Cherry+Poppin%27+Daddies,https://lastfm.freetls.fastly.net/i/u/34s/2a96cbd8b46e442fc41c2b86b821562f.png,https://lastfm.freetls.fastly.net/i/u/174s/2a96cbd8b46e442fc41c2b86b821562f.png
Cherry Ghost,1e76c9f2-2f79-4521-a418-a3c22eda30fa,https://www.last.fm/music/Cherry+Ghost,https://lastfm.freetls.fastly.net/i/u/34s/2a96cbd8b46e442fc41c2b86b821562f.png,https://lastfm.freetls.fastly.net/i/u/174s/2a96cbd8b46e442fc41c2b86b821562f.png
Don Cherry,d45e4d9d-45c1-45cb-941a-8a5025874e06,https://www.last.fm/music/Don+Cherry,https://lastfm.freetls.fastly.net/i/u/34s/2a96cbd8b46e442fc41c2b86b821562f.png,https://lastfm.freetls.fastly.net/i/u/174s/2a96cbd8b46e442fc41c2b86b821562f.png
Paul Cherry,,https://www.last.fm/music/Paul+Cherry,https://lastfm.freetls.fastly.net/i/u/34s/2a96cbd8b46e442fc41c2b86b821562f.png,https://lastfm.freetls.fastly.net/i/u/174s/2a96cbd8b46e442fc41c2b86b821562f.png
LIL CHERRY,,https://www.last.fm/music/LIL+CHERRY,https://lastfm.freetls.fastly.net/i/u/34s/2a96cbd8b46e442fc41c2b86b821562f.png,https://lastfm.freetls.fastly.net/i/u/174s/2a96cbd8b46e442fc41c2b86b821562f.png
Cherry Coke,726eccf4-0dca-49f2-923f-5c6c9800d437,https://www.last.fm/music/Cherry+Coke,https://lastfm.freetls.fastly.net/i/u/34s/2a96cbd8b46e442fc41c2b86b821562f.png,https://lastfm.freetls.fastly.net/i/u/174s/2a96cbd8b46e442fc41c2b86b821562f.png
Cherry,d1db4589-171b-4f65-9edf-2c300e4027d8,https://www.last.fm/music/Cherry,https://lastfm.freetls.fastly.net/i/u/34s/2a96cbd8b46e442fc41c2b86b821562f.png,https://lastfm.freetls.fastly.net/i/u/174s/2a96cbd8b46e442fc41c2b86b821562f.png
CHERRYBLOSSOM,38f8a3fa-7379-49d6-88c2-2c16db1ac0db,https://www.last.fm/music/CHERRYBLOSSOM,https://lastfm.freetls.fastly.net/i/u/34s/2a96cbd8b46e442fc41c2b86b821562f.png,https://lastfm.freetls.fastly.net/i/u/174s/2a96cbd8b46e442fc41c2b86b821562f.png
Cherry Pools,,https://www.last.fm/music/Cherry+Pools,https://lastfm.freetls.fastly.net/i/u/34s/2a96cbd8b46e442fc41c2b86b821562f.png,https://lastfm.freetls.fastly.net/i/u/174s/2a96cbd8b46e442fc41c2b86b821562f.png
Cherry Filter,49b85217-16c5-41bb-9e40-bd83f80eb1e6,https://www.last.fm/music/Cherry+Filter,https://lastfm.freetls.fastly.net/i/u/34s/2a96cbd8b46e442fc41c2b86b821562f.png,https://lastfm.freetls.fastly.net/i/u/174s/2a96cbd8b46e442fc41c2b86b821562f.png
ASMR Cherry Crush,,https://www.last.fm/music/ASMR+Cherry+Crush,https://lastfm.freetls.fastly.net/i/u/34s/2a96cbd8b46e442fc41c2b86b821562f.png,https://lastfm.freetls.fastly.net/i/u/174s/2a96cbd8b46e442fc41c2b86b821562f.png
cherry<3,,https://www.last.fm/music/cherry%3C3,https://lastfm.freetls.fastly.net/i/u/34s/2a96cbd8b46e442fc41c2b86b821562f.png,https://lastfm.freetls.fastly.net/i/u/174s/2a96cbd8b46e442fc41c2b86b821562f.png
Cherrymoon Trax,4349b4b4-15bb-4240-9390-21ffa24d788c,https://www.last.fm/music/Cherrymoon+Trax,https://lastfm.freetls.fastly.net/i/u/34s/2a96cbd8b46e442fc41c2b86b821562f.png,https://lastfm.freetls.fastly.net/i/u/174s/2a96cbd8b46e442fc41c2b86b821562f.png
Cherrygroove,,https://www.last.fm/music/Cherrygroove,,
Neneh Cherry & The Thing,527c65d1-9fdb-4482-8796-dde2980bd63a,https://www.last.fm/music/Neneh+Cherry+&+The+Thing,https://lastfm.freetls.fastly.net/i/u/34s/2a96cbd8b46e442fc41c2b86b821562f.png,https://lastfm.freetls.fastly.net/i/u/174s/2a96cbd8b46e442fc41c2b86b821562f.png
Cherrybelle,bb65e571-d531-42e6-8a15-ed4a9add31ff,https://www.last.fm/music/Cherrybelle,https://lastfm.freetls.fastly.net/i/u/34s/2a96cbd8b46e442fc41c2b86b821562f.png,https://lastfm.freetls.fastly.net/i/u/174s/2a96cbd8b46e442fc41c2b86b821562f.png
CherryVata,bd7183a3-c7d9-4a8a-9cbd-c4eec97a3f70,https://www.last.fm/music/CherryVata,https://lastfm.freetls.fastly.net/i/u/34s/2a96cbd8b46e442fc41c2b86b821562f.png,https://lastfm.freetls.fastly.net/i/u/174s/2a96cbd8b46e442fc41c2b86b821562f.png
The Cherry Coke$,1a6fed76-a5e8-4b1b-973c-d2ae62fb65f5,https://www.last.fm/music/The+Cherry+Coke$,https://lastfm.freetls.fastly.net/i/u/34s/2a96cbd8b46e442fc41c2b86b821562f.png,https://lastfm.freetls.fastly.net/i/u/174s/2a96cbd8b46e442fc41c2b86b821562f.png
Cherryholmes,605a5811-fa52-4ffb-ada2-c5d3dbfe3752,https://www.last.fm/music/Cherryholmes,https://lastfm.freetls.fastly.net/i/u/34s/2a96cbd8b46e442fc41c2b86b821562f.png,https://lastfm.freetls.fastly.net/i/u/174s/2a96cbd8b46e442fc41c2b86b821562f.png
Outrageous Cherry,85712bc6-be20-4e52-9b5b-1119521796b8,https://www.last.fm/music/Outrageous+Cherry,https://lastfm.freetls.fastly.net/i/u/34s/2a96cbd8b46e442fc41c2b86b821562f.png,https://lastfm.freetls.fastly.net/i/u/174s/2a96cbd8b46e442fc41c2b86b821562f.png
El Cherry Scom,,https://www.last.fm/music/El+Cherry+Scom,https://lastfm.freetls.fastly.net/i/u/34s/2a96cbd8b46e442fc41c2b86b821562f.png,https://lastfm.freetls.fastly.net/i/u/174s/2a96cbd8b46e442fc41c2b86b821562f.png
Cherry Animals,,https://www.last.fm/music/Cherry+Animals,https://lastfm.freetls.fastly.net/i/u/34s/2a96cbd8b46e442fc41c2b86b821562f.png,https://lastfm.freetls.fastly.net/i/u/174s/2a96cbd8b46e442fc41c2b86b821562f.png
